Codes;Kurztitel 2008 (max. 40 Zeichen inkl. Leerstellen)
0;LAND- U. FORSTW., FISCHEREI
01;Landw. u. Jagd
011;Anbau einj. Pfl.
0111;Anbau v. Getreide u. Hülsenfrüchten
011100;Anbau v. Getreide u. Hülsenfrüchten
0112;Anbau v. Reis
011200;Anbau v. Reis
0113;Anbau v. Gemüse u. Melonen
011300;Anbau v. Gemüse u. Melonen
0114;Anbau v. Zuckerrohr
011400;Anbau v. Zuckerrohr
0115;Anbau v. Tabak
011500;Anbau v. Tabak
0116;Anbau v. Faserpfl.
011600;Anbau v. Faserpfl.
0119;Anbau v. sonst. einj. Pfl.
011900;Anbau v. sonst. einj. Pfl.
012;Anbau mehrj. Pfl.
0121;Anbau v. Wein- u. Tafeltrauben
012101;Anbau v. Wein- u. Tafeltrauben
012102;Weinbau – Kellerei
0122;Anbau v. sub- u. tropischen Früchten
012200;Anbau v. sub- u. tropischen Früchten
0123;Anbau v. Zitrusfrüchten
012300;Anbau v. Zitrusfrüchten
0124;Anbau v. Kern- u. Steinobst
012400;Anbau v. Kern- u. Steinobst
0125;Anbau v. sonst. Obst u. Nüssen
012500;Anbau v. sonst. Obst u. Nüssen
0126;Anbau v. ölhaltigen Früchten
012600;Anbau v. ölhaltigen Früchten
0127;Anbau v. Pfl. zur H.v. Getränken
012700;Anbau v. Pfl. zur H.v. Getränken
0128;Anbau v. aromat. u. pharma. Pfl.
012800;Anbau v. aromat. u. pharma. Pfl.
0129;Anbau sonst. mehrj. Pfl.
012900;Anbau sonst. mehrj. Pfl.
013;Betrieb v. Baumschulen
0130;Betrieb v. Baumschulen
013000;Betrieb v. Baumschulen
014;Tierhaltung
0141;Halt. v. Milchkühen
014100;Halt. v. Milchkühen
0142;Halt. v. Rindern
014200;Halt. v. Tieren der Rindergattung
0143;Halt. v. Pferden u. Eseln
014300;Halt. v. Tieren der Pferdegattung
0144;Halt. v. Kamelen
014400;Halt. v. Kameliden
0145;Halt. v. Schafen u. Ziegen
014500;Halt. v. Schafen u. Ziegen
0146;Halt. v. Schweinen
014600;Halt. v. Schweinen
0147;Halt. v. Geflügel
014700;Halt. v. Geflügel
0149;Sonst. Tierhalt.
014900;Sonst. Tierhalt.
015;Gemischte Landw.
0150;Gemischte Landw.
015000;Gemischte Landw.
016;Landw. DL
0161;Landw. DL f. den Pflanzenbau
016100;Landw. DL f. den Pflanzenbau
0162;Landw. DL f. die Tierhalt.
016200;Landw. DL f. die Tierhalt.
0163;Tätigk. in der pfl. Erz.
016300;Tätigk. in der pfl. Erz.
0164;Saatgutaufb.
016400;Saatgutaufb.
017;Jagt, Fallenstellerei u. verb. Tätigk.
0170;Jagt, Fallenstellerei u. verb. Tätigk.
017000;Jagt, Fallenstellerei u. verb. Tätigk.
02;Forstw. u. Holzeinschlag
021;Forstwirtschaft
0210;Forstwirtschaft
021000;Forstwirtschaft
022;Holzeinschlag
0220;Holzeinschlag
022000;Holzeinschlag
023;Sammeln v. wild wachsenden Prod. o. Holz
0230;Sammeln v. wild wachsenden Prod. o. Holz
023000;Sammeln v. wild wachsenden Prod. o. Holz
024;DL f. Forstw. u. Holzeinschlag
0240;DL f. Forstw. u. Holzeinschlag
024000;DL f. Forstw. u. Holzeinschlag
03;Fischerei u. Aquakultur
031;Fischerei
0311;Meeresfischerei
031100;Meeresfischerei
0312;Süsswasserfischerei
031200;Süsswasserfischerei
032;Aquakultur
0321;Meeresaquakultur
032100;Meeresaquakultur
0322;Süsswasseraquakultur
032200;Süsswasseraquakultur
0;BERGBAU U. GEW. V. STEINEN U. ERDEN
05;Kohlenbergbau
051;Steinkohlenbergbau
0510;Steinkohlenbergbau
051000;Steinkohlenbergbau
052;Braunkohlenbergbau
0520;Braunkohlenbergbau
052000;Braunkohlenbergbau
06;Gew. v. Erdöl u. Erdgas
061;Gew. v. Erdöl
0610;Gew. v. Erdöl
061000;Gew. v. Erdöl
062;Gew. v. Erdgas
0620;Gew. v. Erdgas
062000;Gew. v. Erdgas
07;Erzbergbau
071;Eisenerzbergbau
0710;Eisenerzbergbau
071000;Eisenerzbergbau
072;NE-Metallerzbergbau
0721;Bergbau auf Uran- u. Thoriumerze
072100;Bergbau auf Uran- u. Thoriumerze
0729;Sonst. NE-Metallerzbergbau
072900;Sonst. NE-Metallerzbergbau
08;Gew. v. Steinen u. Erden, sonst. Bergbau
081;Gew. v. Steinen, Kies, Ton, Kaolin
0811;Gew. v. Naturwerksteine usw.
081100;Gew. v. Naturwerksteine usw.
0812;Gew. v. Kies, Sand, Ton, Kaolin
081200;Gew. v. Kies, Sand, Ton, Kaolin
089;"Sonst. Bergbau; Gew. v. Steinen u. Erden"
0891;Bergbau auf chem. u. Düngemittelminerale
089100;Bergbau auf chem. u. Düngemittelminerale
0892;Torfgewinnung
089200;Torfgewinnung
0893;Gewinnung von Salz
089300;Gewinnung von Salz
0899;Gew. v. Steinen u. Erden a.n.g.
089900;Gew. v. Steinen u. Erden a.n.g.
09;DL f. den Bergbau
091;DL f. die Gew. v. Erdöl u. Erdgas
0910;DL f. die Gew. v. Erdöl u. Erdgas
091000;DL f. die Gew. v. Erdöl u. Erdgas
099;DL f. den sonst. Bergbau
0990;DL f. den sonst. Bergbau
099000;DL f. den sonst. Bergbau
0;VERARB. GEWERBE/H.V. WAREN
10;H.v. Nahrungs- u. Futterm.
101;Schlachten u. Fleischverarb.
1011;Schlachten o. Geflügel
101100;Schlachten o. Geflügel
1012;Schlachten v. Geflügel
101200;Schlachten v. Geflügel
1013;Fleischverarbeitung
101300;Fleischverarbeitung
102;Fischverarbeitung
1020;Fischverarbeitung
102000;Fischverarbeitung
103;Obst- u. Gemüseverarb.
1031;Kartoffelverarbeitung
103100;Kartoffelverarbeitung
1032;H. v. Frucht- u. Gemüsesäften
103200;H. v. Frucht- u. Gemüsesäften
1039;Sonst. Obst- u. Gemüseverarb.
103900;Sonst. Obst- u. Gemüseverarb.
104;H.v. Ölen u. Fetten
1041;H.v. Ölen u. Fetten o. Nahrungsfette
104100;H.v. Ölen u. Fetten o. Nahrungsfette
1042;H. v. Margarine u.ä. Nahrungsfetten
104200;H. v. Margarine u.ä. Nahrungsfetten
105;Milchverarbeitung
1051;Milchverarb. o. H.v. Speiseeis
105101;H.v. Frischmilchprod.
105102;Herstellung von Käse
105103;Sonst. Milchverarb.
1052;Herstellung von Speiseeis
105200;Herstellung von Speiseeis
106;Mahl- u. Schälmühlen, H.v. Stärkeerz.
1061;Mahl- u. Schälmühlen
106100;Mahl- u. Schälmühlen
1062;H.v. Stärke u. Stärkeerz.
106200;H.v. Stärke u. Stärkeerz.
107;H.v. Back- u. Teigwaren
1071;H.v. Backwa. o. Dauerbackwa.
107100;H.v. Backwa. o. Dauerbackwa.
1072;H.v. Dauerbackwaren
107200;H.v. Dauerbackwaren
1073;H.v. Teigwaren
107300;H.v. Teigwaren
108;H.v. sonst. Nahrungsm.
1081;H.v. Zucker
108100;H.v. Zucker
1082;H.v. Süsswa. o. Dauerbackwa.
108201;H.v. Kakao- u. Schokoladeerz.
108202;H.v. Zuckerwaren
1083;Verarb. v. Kaffee, Tee H.v. Kaffeeersatz
108300;Verarb. v. Kaffee, Tee H.v. Kaffeeersatz
1084;H.v. Würzm. u. Saucen
108400;H.v. Würzm. u. Saucen
1085;H.v. Fertiggerichten
108500;H.v. Fertiggerichten
1086;H.v. homogen. u. diätetischen Nahrungsm.
108600;H.v. homogen. u. diätetischen Nahrungsm.
1089;H.v. sonst. Nahrungsm. a.n.g.
108900;H.v. sonst. Nahrungsm. a.n.g.
109;H.v. Futterm.
1091;H.v. Futterm. f. Nutztiere
109100;H.v. Futterm. f. Nutztiere
1092;H.v. Futterm. f. sonst. Tiere
109200;H.v. Futterm. f. sonst. Tiere
11;Getränkeherstellung
110;Getränkeherstellung
1101;H.v. Spirituosen
110100;H.v. Spirituosen
1102;H.v. Traubenwein
110200;H.v. Traubenwein
1103;H.v. Apfel- u. anderen Fruchtweinen
110300;H.v. Apfel- u. anderen Fruchtweinen
1104;H.v. Wermutwein u. sonst. aromat. Weinen
110400;H.v. Wermutwein u. sonst. aromat. Weinen
1105;Herstellung von Bier
110500;Herstellung von Bier
1106;Herstellung von Malz
110600;Herstellung von Malz
1107;"H.v. Getränken; Gew. nat. Mineralwässer"
110700;"H.v. Getränken; Gew. nat. Mineralwässer"
12;Tabakverarbeitung
120;Tabakverarbeitung
1200;Tabakverarbeitung
120000;Tabakverarbeitung
13;Herstellung von Textilien
131;Spinnstoffaufb. u. Spinn.
1310;Spinnstoffaufb. u. Spinn.
131001;Baumwollaufb. u. -spinn.
131002;Wollaufb., Streich- u. Kammgarnspinn.
131003;Spinnstoffaufb. u. Spinn.
131004;Sonst. Spinnstoffaufb. u. Spinn.
132;Weberei
1320;Weberei
132001;Baumwollweberei
132002;Streich- u. Kammgarnweberei
132003;Sonstige Weberei
133;Veredlung v. Text. u. Bekl.
1330;Veredlung v. Text. u. Bekl.
133000;Veredlung v. Text. u. Bekl.
139;H.v. sonst. Textilwaren
1391;H.v. gewirktem u. gestricktem St.
139100;H.v. gewirktem u. gestricktem St.
1392;H.v. konf. Textilwa. o. Bekl.
139201;H.v. Haus-, Bett- u. Tischwäsche
139202;H.v. Bettwaren
139203;H.v. sonst. konf. Textilwa. o. Bekl.
1393;H.v. Teppichen
139300;H.v. Teppichen
1394;H.v. Seilerwaren
139400;H.v. Seilerwaren
1395;H.v. Vliesst. u. Erz. daraus o. Bekl.
139500;H.v. Vliesst. u. Erz. daraus o. Bekl.
1396;H.v. techn. Text.
139600;H.v. techn. Textilien
1399;H.v. sonst. Textilwa. a.n.g.
139901;Strickerei
139902;H.v. Bändern, Gurten usw.
139903;H.v. sonst. Textilwa. a.n.g.
14;H.v. Bekleidung
141;H.v. Bekl. o. Pelzbekl.
1411;H.v. Lederbekleidung
141100;H.v. Lederbekleidung
1412;H.v. Arbeits- u. Berufsbekl.
141200;H.v. Arbeits- u. Berufsbekl.
1413;H.v. sonst. Oberbekl.
141301;H.v. Herren- u. Knabenoberbekl.
141302;H.v. Damen- u. Mädchenoberbekl.
141303;H.v. Oberbekl. oaS
1414;H.v. Wäsche
141401;H.v. Herren- u. Knabenwäsche
141402;H.v. Damen- u. Mädchenwäsche
141403;H.v. Wäsche oaS
1419;H.v. sonst. Bekl. u. Bekleidungszub.
141900;H.v. sonst. Bekl. u. Bekleidungszub.
142;H.v. Pelzwaren
1420;H.v. Pelzwaren
142000;H.v. Pelzwaren
143;H.v. Bekl. aus gewirktem, gestriktem St.
1431;H.v. Strumpfwaren
143100;H.v. Strumpfwaren
1439;H.v. sonst. Bekl. aus St.
143900;H.v. sonst. Bekl. aus St.
15;H.v. Leder, Lederwaren u. Schuhen
151;H.v. Leder, Lederwa. o. H.v. Lederbekl.
1511;H.v. Leder u. Lederfaserst.
151100;H.v. Leder u. Lederfaserst.
1512;Lederverarb. o. H.v. Lederbekl.
151200;H.v. Reiseart., Leder- u. Sattlerwa.
152;H.v. Schuhen
1520;H.v. Schuhen
152000;H.v. Schuhen
16;H.v. Holz-, Flecht-, Korb- u. Korkwa.
161;Säge-, Hobel- u. Holzimprägnierw.
1610;Säge-, Hobel- u. Holzimprägnierw.
161001;Sägewerke
161002;Holzhobelw. u. Holzoberflächenbeh.
161003;Holzimprägnierw.
162;H.v. sonst. Holz-, Flecht- u. Korbwa.
1621;H.v. Furnier-, Sperrholzplatten usw.
162100;H.v. Furnier-, Sperrholzplatten usw.
1622;H.v. Parketttafeln
162200;H.v. Parketttafeln
1623;H.v. sonst. Konstr.- u. Fertigbaut.
162301;Bauschreinerei, Fenster u. Türen
162302;Schreinerarb. im Innenausbau
162303;H.v. Fertigbauteilen aus Holz
1624;H.v. Verpackungsm., Lagerbehältern usw.
162400;H.v. Verpackungsm., Lagerbehältern usw.
1629;H.v. Holzwaren a.n.g., Korkwaren usw.
162900;H.v. Holzwaren a.n.g., Korkwaren usw.
17;H.v. Papier, Pappe u. Waren daraus
171;H.v. Holz- u. Zellst., Papier usw.
1711;H.v. Holz- u. Zellst.
171100;H.v. Holz- u. Zellst.
1712;H.v. Papier, Karton u. Pappe
171200;H.v. Papier, Karton u. Pappe
172;H.v. Waren aus Papier, Karton u. Pappe
1721;H.v. Wellpapier, -pappe u. Verpackungsm.
172100;H.v. Wellpapier, -pappe u. Verpackungsm.
1722;H.v. Haushalts-, Hygieneart. aus Papier
172200;H.v. Haushalts-, Hygieneart. aus Papier
1723;H.v. Schreibwa., Bürobedarf aus Papier
172300;H.v. Schreibwa., Bürobedarf aus Papier
1724;H.v. Tapeten
172400;H.v. Tapeten
1729;H.v. sonst. Waren aus Papier usw.
172900;H.v. sonst. Waren aus Papier usw.
18;"H.v. Druckerz.; Vervielf. v. Datenträger"
181;H.v. Druckerz.
1811;Drucken v. Zeitungen
181100;Drucken v. Zeitungen
1812;Drucken a.n.g.
181201;Offsetdruck
181202;Siebdruck
181203;Lichtpause- u. Reprografiebetriebe
181204;Sonst. Drucken a.n.g.
1813;Druck- u. Medienvorstufe
181301;DL f. die Druckvorb.
181302;Sonst. druckbezogenen DL
1814;Binden v. Druckerz. u. damit verb. DL
181400;Binden v. Druckerz. u. damit verb. DL
182;Vervielf. v. besp. Datenträgern
1820;Vervielf. v. besp. Datenträgern
182000;Vervielf. v. besp. Datenträgern
19;Kokerei u. Mineralölverarb.
191;Kokerei
1910;Kokerei
191000;Kokerei
192;Mineralölverarb.
1920;Mineralölverarb.
192000;Mineralölverarb.
20;H.v. chem. Erzeugnissen
201;H.v. chem. Grundst., Düngem. usw.
2011;H.v. Industriegasen
201100;H.v. Industriegasen
2012;H.v. Farbst. u. Pigmenten
201200;H.v. Farbst. u. Pigmenten
2013;H.v. sonst. anorg. Grundst.
201300;H.v. sonst. anorg. Grundst.
2014;H.v. sonst. organ. Grundst.
201400;H.v. sonst. organ. Grundst.
2015;H.v. Düngem. u. Stickstoffverbin.
201500;H.v. Düngem. u. Stickstoffverbin.
2016;H.v. Kunstst. in Primärf.
201600;H.v. Kunstst. in Primärf.
2017;H.v. synt. Kautschuk in Primärf.
201700;H.v. synt. Kautschuk in Primärf.
202;H.v. Schädlingsbekämpfungsm. usw.
2020;H.v. Schädlingsbekämpfungsm. usw.
202000;H.v. Schädlingsbekämpfungsm. usw.
203;H.v. Anstrichm., Druckfarben u. Kitten
2030;H.v. Anstrichm., Druckfarben u. Kitten
203000;H.v. Anstrichm., Druckfarben u. Kitten
204;H.v. Seifen, Körperpflegem. usw.
2041;H.v. Seifen, Körperpflegem. usw.
204100;H.v. Seifen, Körperpflegem. usw.
2042;H. v. Körperpflegem. u. Duftst.
204200;H. v. Körperpflegem. u. Duftst.
205;H.v. sonst. chem. Erzeugnissen
2051;H.v. pyrotechn. Erzeugnissen
205100;H.v. pyrotechn. Erzeugnissen
2052;H.v. Klebstoffen
205200;H.v. Klebstoffen
2053;H.v. ätherischen Ölen
205300;H.v. ätherischen Ölen
2059;H.v. sonst. chem. Erz. a.n.g.
205900;H.v. sonst. chem. Erz. a.n.g.
206;H.v. Chemiefasern
2060;H.v. Chemiefasern
206000;H.v. Chemiefasern
21;H.v. pharma. Erzeugnissen
211;H.v. pharma. Grundst.
2110;H.v. pharma. Grundst.
211000;H.v. pharma. Grundst.
212;H.v. sonst. pharma. Erzeugnissen
2120;H.v. sonst. pharma. Erzeugnissen
212000;H.v. sonst. pharma. Erzeugnissen
22;H.v. Gummi- u. Kunststoffwaren
221;H.v. Gummiwaren
2211;H.u. Runderneuerung v. Bereifungen
221100;H.u. Runderneuerung v. Bereifungen
2219;H.v. sonst. Gummiwaren
221900;H.v. sonst. Gummiwaren
222;H.v. Kunststoffwaren
2221;H.v. Kunststoffplatten, -folien, usw.
222100;H.v. Kunststoffplatten, -folien, usw.
2222;H.v. Verpackungsm. aus Kunstst.
222200;H.v. Verpackungsm. aus Kunstst.
2223;H.v. Baubedarfsart. aus Kunstst.
222300;H.v. Baubedarfsart. aus Kunstst.
2229;H.v. sonst. Kunststoffwaren
222900;H.v. sonst. Kunststoffwaren
23;H.v. Glas u. Glaswa., Keramik usw.
231;H.v. Glas u. Glaswaren
2311;H.v. Flachglas
231100;H.v. Flachglas
2312;Veredlung u. Bearb. v. Flachglas
231200;Veredlung u. Bearb. v. Flachglas
2313;H.v. Hohlglas
231300;H.v. Hohlglas
2314;H.v. Glasfasern u. Waren daraus
231400;H.v. Glasfasern u. Waren daraus
2319;H, Veredlung u. Bearb. v. sonst. Glasw.
231900;H, Veredlung u. Bearb. v. sonst. Glasw.
232;H.v. feuerfesten keram. Werkst. u. Wa.
2320;H.v. feuerfesten keram. Werkst. u. Wa.
232000;H.v. feuerfesten keram. Werkst. u. Wa.
233;H.v. keram. Baumat.
2331;H.v. keram. Wand- u. Bodenfliesen
233100;H.v. keram. Wand- u. Bodenfliesen
2332;H.v. Ziegeln u. sonst. Baukeram.
233200;H.v. Ziegeln u. sonst. Baukeram.
234;H.v. sonst. Porzellan- u. keram. Erz.
2341;H.v. keram. Haushaltswa. u. Ziergegenst.
234100;H.v. keram. Haushaltswa. u. Ziergegenst.
2342;H.v. Sanitärkeramik
234200;H.v. Sanitärkeramik
2343;H.v. keram. Isolatoren u. Isoliert.
234300;H.v. keram. Isolatoren u. Isoliert.
2344;H.v. sonst. keram. Erz. f. techn. Zwecke
234400;H.v. sonst. keram. Erz. f. techn. Zwecke
2349;H.v. sonst. keram. Erzeugnissen
234900;H.v. sonst. keram. Erzeugnissen
235;H.v. Zement, Kalk u. Gips
2351;H.v. Zement
235100;H.v. Zement
2352;H.v. Kalk u. Gips
235200;H.v. Kalk u. Gips
236;H.v. Erz. aus Beton, Zement u. Gips
2361;H.v. Erz. f. den Bau aus Beton usw.
236100;H.v. Erz. f. den Bau aus Beton usw.
2362;H.v. Gipserz. f. den Bau
236200;H.v. Gipserz. f. den Bau
2363;H.v. Frischbeton
236300;H.v. Frischbeton
2364;H.v. Mörtel u. Trockenbeton
236400;H.v. Mörtel u. Trockenbeton
2365;H.v. Faserzementwaren
236500;H.v. Faserzementwaren
2369;H.v. sonst. Erz. aus Beton usw.
236900;H.v. sonst. Erz. aus Beton usw.
237;Be- u. Verarb. v. Naturwerksteinen
2370;Be- u. Verarb. v. Naturwerksteinen
237000;Be- u. Verarb. v. Naturwerksteinen
239;H.v. Schleifkörpern u. Schleifm.
2391;H.v. Schleifkörpern u. Schleifm.
239100;H.v. Schleifkörpern u. Schleifm.
2399;H.v. sonst. Erz. aus NM-Mineralien a.n.g
239901;H.v. Prod. aus Asphalt
239902;H.v. sonst. Erz. aus NM Mineralien
24;Metallerz. u. -bearb.
241;Erz. v. Roheisen, Stahl u. Ferroleg.
2410;Erz. v. Roheisen, Stahl u. Ferroleg.
241000;Erz. v. Roheisen, Stahl u. Ferroleg.
242;H.v. Stahlrohren usw.
2420;H.v. Stahlrohren usw.
242000;H.v. Stahlrohren usw.
243;Sonst. erste Bearb. v. Eisen u. Stahl
2431;H.v. Blankstahl
243100;H.v. Blankstahl
2432;H.v. Kaltband
243200;H.v. Kaltband
2433;H.v. Kaltprofilen
243300;H.v. Kaltprofilen
2434;H.v. kaltgezogenem Draht
243400;H.v. kaltgezogenem Draht
244;Erz. u. erste Bearb. v. NE-Met.
2441;Erz. u. erste Bearb. v. Edelmet.
244100;Erz. u. erste Bearb. v. Edelmet.
2442;Erz. u. erste Bearb. v. Aluminium
244200;Erz. u. erste Bearb. v. Aluminium
2443;Erz. u. erste Bearb. v. Blei, Zink, Zinn
244300;Erz. u. erste Bearb. v. Blei, Zink, Zinn
2444;Erz. u. erste Bearb. v. Kupfer
244400;Erz. u. erste Bearb. v. Kupfer
2445;Erz. u. erste Bearb. v. sonst. NE-Met.
244500;Erz. u. erste Bearb. v. sonst. NE-Met.
2446;Aufb. v. Kernbrennst.
244600;Aufb. v. Kernbrennst.
245;Giessereien
2451;Eisengiessereien
245100;Eisengiessereien
2452;Stahlgiessereien
245200;Stahlgiessereien
2453;Leichtmetallgiessereien
245300;Leichtmetallgiessereien
2454;Buntmetallgiessereien
245400;Buntmetallgiessereien
25;H.v. Metallerz.
251;H.v. Stahl- u. Leichtmetallbau
2511;H.v. Metallkonstr.
251100;H.v. Metallkonstr.
2512;H.v. Ausbauelem. aus Met.
251200;H.v. Ausbauelem. aus Met.
252;H.v. Metalltanks u. -behältern usw.
2521;H.v. Heizkörpern u. -kesseln
252100;H.v. Heizkörpern u. -kesseln
2529;H.v. Sammelbehältern aus Met.
252900;H.v. Sammelbehältern aus Met.
253;H.v. Dampfkesseln
2530;H.v. Dampfkesseln
253000;H.v. Dampfkesseln
254;H.v. Waffen u. Munition
2540;H.v. Waffen u. Munition
254000;H.v. Waffen u. Munition
255;H.v. Schmiede-, Press-, Zieht. usw.
2550;H.v. Schmiede-, Press-, Zieht. usw.
255000;H.v. Schmiede-, Press-, Zieht. usw.
256;Oberflächenveredlung u. Wärmebeh.
2561;Oberflächenveredlung u. Wärmebeh.
256100;Oberflächenveredlung u. Wärmebeh.
2562;Mechanik a. n. g.
256201;Mech. Werkstätte
256202;Schlossereien
256203;Schmieden
257;H.v. Schneidewa., Werkzeugen. usw.
2571;H.v. Schneidewa. u. Bestecken
257100;H.v. Schneidewa. u. Bestecken
2572;H.v. Schlössern u. Beschlägen
257200;H.v. Schlössern u. Beschlägen
2573;H.v. Werkzeugen
257300;H.v. Werkzeugen
259;H.v. sonst. Metallwaren
2591;H.v. Fässern u. ä. Behälter aus Met.
259100;H.v. Fässern u. ä. Behälter aus Met.
2592;H.v. Verpackungen u. Verschlüssen
259200;H.v. Verpackungen aus Leichtmet.
2593;H.v. Drahtwa., Ketten u. Federn
259300;H.v. Drahtwa., Ketten u. Federn
2594;H.v. Schrauben u. Nieten
259400;H.v. Schrauben u. Nieten
2599;H.v. sonst. Metallwaren a.n.g.
259900;H.v. sonst. Metallwaren a.n.g.
26;H.v. Ge. f. die Datenverarb.
261;H.v. elektron. Bauelem. u. Leiterplatten
2611;H.v. elektron. Bauelem.
261100;H.v. elektron. Bauelem.
2612;H.v. bestückten Leiterplatten
261200;H.v. bestückten Leiterplatten
262;H.v. Datenverarb.- u. peripheren Ge.
2620;H.v. Datenverarb.- u. peripheren Ge.
262000;H.v. Datenverarb.- u. peripheren Ge.
263;H.v. Ge. der Telekommunikationstechn.
2630;H.v. Ge. der Telekommunikationstechn.
263000;H.v. Ge. der Telekommunikationstechn.
264;H.v. Ge. der Unterhaltungsel.
2640;H.v. Ge. der Unterhaltungsel.
264000;H.v. Ge. der Unterhaltungsel.
265;H.v. Mess-, Kontroll- u.ä. Instr.
2651;H.v. Mess-, Kontroll- u.ä. Instr.
265100;H.v. Mess-, Kontroll- u.ä. Instr.
2652;H.v. Uhren
265201;H.u. Zusammens. v. Uhren
265202;H.u. Zusammens. v. Grossuhren
265203;H.u. Zusammens. v. Uhrw.
265204;H.der Ausstattung v. Uhren
265205;H.anderer Uhrenbestandt.
266;H.v. Bestrahlungs-, elektromed. Ge.
2660;H.v. Bestrahlungs-, elektromed. Ge.
266000;H.v. Bestrahlungs-, elektromed. Ge.
267;H.v. optischen u. fotografischen Instr.
2670;H.v. optischen u. fotografischen Instr.
267000;H.v. optischen u. fotografischen Instr.
268;H.v. magnet. u. optischen Datenträgern
2680;H.v. magnet. u. optischen Datenträgern
268000;H.v. magnet. u. optischen Datenträgern
27;H.v. el. Ausrüst.
271;H.v. Elektromotoren, Generatoren usw.
2711;H.v. Elektromotoren, Generatoren usw.
271100;H.v. Elektromotoren, Generatoren usw.
2712;H.v. El.-verteilungs u. -schalteinrich.
271200;H.v. El.-verteilungs u. -schalteinrich.
272;H.v. Batterien u. Akkumulatoren
2720;H.v. Batterien u. Akkumulatoren
272000;H.v. Batterien u. Akkumulatoren
273;H.v. Kabeln u. el. Installationsmat.
2731;H.v. Glasfaserkabeln
273100;H.v. Glasfaserkabeln
2732;H.v. sonst. elektron. Drähten u. Kabeln
273200;H.v. sonst. elektron. Drähten u. Kabeln
2733;H.v. el. Installationsmat.
273300;H.v. el. Installationsmat.
274;H.v. el. Lampen u. Leuchten
2740;H.v. el. Lampen u. Leuchten
274000;H.v. el. Lampen u. Leuchten
275;H.v. Haushaltge.
2751;H.v. el. Haushaltsge.
275100;H.v. el. Haushaltsge.
2752;H.v. n. el. Haushaltsge.
275200;H.v. n. el. Haushaltsge.
279;H.v. sonst. el. Ausrüst. u. Ge. a.n.g.
2790;H.v. sonst. el. Ausrüst. u. Ge. a.n.g.
279000;H.v. sonst. el. Ausrüst. u. Ge. a.n.g.
28;Maschinenbau
281;H.v. n. wirtschaftsspez. Masch.
2811;H.v. Verbrennungsmotoren u. Turbinen
281100;H.v. Verbrennungsmotoren u. Turbinen
2812;H.v. hyd. u. pneu. Systemen, Komponenten
281200;H.v. hyd. u. pneu. Systemen, Komponenten
2813;H.v. Pumpen u. Kompressoren a.n.g.
281300;H.v. Pumpen u. Kompressoren a.n.g.
2814;H.v. Armaturen a.n.g.
281400;H.v. Armaturen a.n.g.
2815;H.v. Lagern, Getrieben u. Antriebselem.
281500;H.v. Lagern, Getrieben u. Antriebselem.
282;H.v. sonst. n. wirtschaftsspez. Masch.
2821;H.v. Öfen u. Brennern
282100;H.v. Öfen u. Brennern
2822;H.v. Hebezeugen u. Förderm.
282200;H.v. Hebezeugen u. Förderm.
2823;H.v. Büromasch.
282300;H.v. Büromasch.
2824;H.v. handgeführten Werk. m. Motorantrieb
282400;H.v. handgeführten Werk. m. Motorantrieb
2825;H.v. kälte- u. lufttechn. Erzeugnissen
282500;H.v. kälte- u. lufttechn. Erzeugnissen
2829;H.v. n. wirtschaftsspez. Masch. a.n.g.
282900;H.v. n. wirtschaftsspez. Masch. a.n.g.
283;H.v. land- u. forstw. Masch.
2830;H.v. land- u. forstw. Masch.
283000;H.v. land- u. forstw. Masch.
284;H.v. Werkzeugmasch.
2841;H.v. Werkzeugmasch.f. die Metallbearb.
284100;H.v. Werkzeugmasch.f. die Metallbearb.
2849;H.v. sonst. Werkzeugmasch.
284900;H.v. sonst. Werkzeugmasch.
289;H.v. Masch. f. best. Wirtschaftszweige
2891;H.v. Masch. f. die Metallerz.
289100;H.v. Masch. f. die Metallerz.
2892;H.v. Bergw.-, Bau- u. Baustoffmasch.
289200;H.v. Bergw.-, Bau- u. Baustoffmasch.
2893;H.v. Masch. f. die Nahrungsmittelerz.
289300;H.v. Masch. f. die Nahrungsmittelerz.
2894;H.v. Masch. f. die Text.-, Bekleidungsh.
289400;H.v. Masch. f. die Text.-, Bekleidungsh.
2895;H.v. Masch. f. die Papiererz., -verarb.
289500;H.v. Masch. f. die Papiererz., -verarb.
2896;H.v. Masch. f. die Verarb. v. Kunstst.
289600;H.v. Masch. f. die Verarb. v. Kunstst.
2899;H.v. Masch. f. best. Wirtschaftszweige
289901;H.v. Masch. f. die H.v. Druckerz.
289902;Sonst. H.v. Masch.
29;H.v. Automobilen u. Automobilt.
291;H.v. Automobilen u. Automobilmotoren
2910;H.v. Automobilen u. Automobilmotoren
291000;H.v. Automobilen u. Automobilmotoren
292;H.v. Karosserien, Aufbauten u. Anhängern
2920;H.v. Karosserien, Aufbauten u. Anhängern
292000;H.v. Karosserien, Aufbauten u. Anhängern
293;H.v. T. u. Zub. f. Automobile
2931;H.elektron. Ausrüstungsgegenst. f. Auto
293100;H.elektron. Ausrüstungsgegenst. f. Auto
2932;H.v. sonst. T. u. Zub. f. Automobile
293200;H.v. sonst. T. u. Zub. f. Automobile
30;Sonst. Fahrzeugbau
301;Schiff- u. Bootsbau
3011;Schiffbau o. Boots- u. Yachtbau
301100;Schiffbau o. Boots- u. Yachtbau
3012;Boots- u. Yachtbau
301200;Boots- u. Yachtbau
302;Schienenfahrzeugbau
3020;Schienenfahrzeugbau
302000;Schienenfahrzeugbau
303;Luft- u. Raumfahrzeugbau
3030;Luft- u. Raumfahrzeugbau
303000;Luft- u. Raumfahrzeugbau
304;H.v. militärischen Kampffahrz.
3040;H.v. militärischen Kampffahrz.
304000;H.v. militärischen Kampffahrz.
309;H.v. Fahrz. a.n.g.
3091;H.v. Motorrädern
309100;H.v. Motorrädern
3092;H.v. Fahrrädern u. Behindertenfahrz.
309201;H.v. Fahrrädern
309202;H.v. Behindertenfahrz.
3099;H.v. sonst. Fahrz. a.n.g.
309900;H.v. sonst. Fahrz. a.n.g.
31;H.v. Möbeln
310;H.v. Möbeln
3101;H.v. Büro- u. Ladenmöbeln
310100;H.v. Büro- u. Ladenbau o. Einbau
3102;H.v. Küchenmöbeln
310200;H.v. Küchen- u. Badzimmermöbeln
3103;H.v. Matratzen
310300;H.v. Matratzen
3109;H.v. sonst. Möbeln
310900;H.v. sonst. Möbeln
32;H.v. sonst. Waren
321;H.v. Münzen, Schmuck u. ä. Erz.
3211;H.v. Münzen
321100;H.v. Münzen
3212;H.v. Schuck, Gold- u. Siberschmiedewa.
321201;Bearb. v. Edel- u. Schmucksteinen
321202;H.v. Schmuck, Gold- u. Silberschmiedewa.
3213;H.v. Fantasieschmuck
321300;H.v. Fantasieschmuck
322;H.v. Musikinstr.
3220;H.v. Musikinstr.
322000;H.v. Musikinstr.
323;H.v. Sportge.
3230;H.v. Sportgeräte
323000;H.v. Sportgeräte
324;H.v. Spielwaren
3240;H.v. Spielwaren
324000;H.v. Spielwaren
325;H.v. med. u. zahnmed. Apparaten u. Mat.
3250;H.v. med. u. zahnmed. Apparaten u. Mat.
325001;H.v. med. u. zahnmed. Apparaten u. Mat.
325002;H.v. ortho. u. prothetischen Erz.
325003;Zahntechn. Laboratorien
325004;H.v. Brillen
329;H.v. Erzeugnissen a.n.g.
3291;H.v. Besen u. Bürsten
329100;H.v. Besen u. Bürsten
3299;H.v. sonst. Erzeugnissen a.n.g.
329900;H.v. sonst. Erzeugnissen a.n.g.
33;Rep. u. Inst. v. Masch. u. Ausrüst.
331;Rep. v. Metallerz., Masch. u. Ausrüst.
3311;Rep. v. Metallerz.
331100;Rep. v. Metallerz.
3312;Rep. v. Masch.
331200;Rep. v. Masch.
3313;Rep. v. el. u. optischen Ge.
331300;Rep. v. el. u. optischen Ge.
3314;Rep. v. el. Ausrüst.
331400;Rep. v. el. Ausrüst.
3315;Rep. u. Instandhalt. v. Schiffen, Booten
331500;Rep. u. Instandhalt. v. Schiffen, Booten
3316;Rep., Instandhalt. v. Luft-, Raumfahrz.
331600;Rep., Instandhalt. v. Luft-, Raumfahrz.
3317;Rep. u. Instandhalt. v. Fahrz. a.n.g.
331700;Rep. u. Instandhalt. v. Fahrz. a.n.g.
3319;Rep. v. sonst. Ausrüst.
331900;Rep. v. sonst. Ausrüst.
332;Inst. v. Masch. u. Ausrüst. a.n.g.
3320;Inst. v. Masch. u. Ausrüst. a.n.g.
332000;Inst. v. Masch. u. Ausrüst. a.n.g.
0;ENERGIEVERSORGUNG
35;Energieversorgung
351;Elektrizitätsversorgung
3511;Elektrizitätserz.
351100;Elektrizitätserz.
3512;Elektrizitätsübertragung
351200;Elektrizitätsübertragung
3513;Elektrizitätsverteilung
351300;Elektrizitätsverteilung
3514;Elektrizitätsha.
351400;Elektrizitätsha.
352;Gasversorgung
3521;Gaserzeugung
352100;Gaserzeugung
3522;Gasverteilung durch Rohrleitungen
352200;Gasverteilung durch Rohrleitungen
3523;Gasha. durch Rohrleitungen
352300;Gasha. durch Rohrleitungen
353;Wärme- u. Kälteversorgung
3530;Wärme- u. Kälteversorgung
353000;Wärme- u. Kälteversorgung
0;WASSERVERSORGUNG U. ABFALLENTSORGUNG
36;Wasserversorgung
360;Wasserversorgung
3600;Wasserversorgung
360000;Wasserversorgung
37;Abwasserentsorgung
370;Abwasserentsorgung
3700;Abwasserentsorgung
370000;Abwasserentsorgung
38;Sammlung, Beh., Beseitigung v. Abfällen
381;Sammlung v. Abfällen
3811;Sammlung n. gef. Abfälle
381100;Sammlung n. gef. Abfälle
3812;Sammlung gef. Abfälle
381200;Sammlung gef. Abfälle
382;Abfallbeh. u. -beseitigung
3821;Beh. u. Beseitigung n. gef. Abfälle
382100;Beh. u. Beseitigung n. gef. Abfälle
3822;Beh. u. Beseitigung gef. Abfälle
382200;Beh. u. Beseitigung gef. Abfälle
383;Rückgewinnung
3831;Zerlegen v. Schiffs- u. Fahrzeugwracks
383100;Zerlegen v. Schiffs- u. Fahrzeugwracks
3832;Rückgew. sortierter Werkst.
383200;Rückgew. sortierter Werkst.
39;Beseitung v. Umweltverschmutzungen
390;Beseitung v. Umweltverschmutzungen
3900;Beseitung v. Umweltverschmutzungen
390000;Beseitung v. Umweltverschmutzungen
0;BAUGEWERBE/BAU
41;Hochbau
411;"Erschliessung v. Grundstücken; Bauträger"
4110;"Erschliessung v. Grundstücken; Bauträger"
411000;E v. Bauprojekten
412;Bau v. Gebäuden
4120;Bau v. Gebäuden
412001;Allg. Hochbau
412002;Generaluntern. im Baugewerbe
412003;Allg. Hoch- u. Tiefbau oaS
412004;Unterhalt u. Rep. v. Gebäuden
42;Tiefbau
421;Bau v. Strassen u. Bahnverkehrsstrecken
4211;Bau v. Strassen
421100;Bau v. Strassen
4212;Bau v. Bahnverkehrsstrecken
421200;Bau v. Bahnverkehrsstrecken
4213;Brücken- u. Tunnelbau
421300;Brücken- u. Tunnelbau
422;Leitungstiefbau u. Kläranlagenbau
4221;Leitungstief-, Brunnen-, Kläranlagenbau
422100;Leitungstief-, Brunnen-, Kläranlagenbau
4222;Kabelnetzleitungstiefbau
422200;Kabelnetzleitungstiefbau
429;Sonst. Tiefbau
4291;Wasserbau
429100;Wasserbau
4299;Sonst. Tiefbau a.n.g.
429900;Sonst. Tiefbau a.n.g.
43;Sonstiges Baugewerbe
431;Abbrucharb. u. vorb. Baustellenarb.
4311;Abbrucharb.
431100;Abbrucharb.
4312;Vorb. Baustellenarb.
431200;Vorb. Baustellenarb.
4313;Test- u. Suchbohrung
431300;Test- u. Suchbohrung
432;Bauinst.
4321;Elektroinst.
432100;Elektroinst.
4322;Gas-, Wasser-, Heizungsinst. usw.
432201;Sanitärinst.
432202;Sanitärinst. u. Spenglerei
432203;Sanitär- u. Heizungsinst.
432204;Inst. v. Heizungs-, Lüftungsanlagen
4329;Sonst. Bauinst.
432901;Dämmung gegen Kälte, Wärme u. Schall
432902;Sonst. Bauinst.
433;Sonst. Ausbau
4331;Stuckaturen, Gipserei u. Verputzerei
433100;Stuckaturen, Gipserei u. Verputzerei
4332;Bautischlerei u. -schlosserei
433200;Einbau v. Fenster, Türen u. Innenausbau
4333;Fliessen-, Plattenlegerei, Tapeziererei
433301;Verlegen v. Fussboden
433302;Verlegen v. Fliesen u. Platten
433303;Tapeziererei
4334;Malerei und Glaserei
433401;Malerei
433402;Malerei u. Gipserei oaS
433403;Glaserei
4339;Sonst. Ausbau a.n.g.
433900;Sonst. Ausbau a.n.g.
439;Sonst. spez. Bautätigk.
4391;Dachdeckerei u. Zimmerei
439101;Holzbau, Zimmerei
439102;Dachdeckerei
439103;Bauspenglerei
4399;Sonst. spez. Bautätigk. a.n.g.
439901;Abdichtungen
439902;Gerüstbau
439903;Maurerarb.
439904;Verm. v. Baumasch. u. -ge. m. Pers.
439905;Sonst. spez. Hoch- u. Tiefbau a.n.g.
0;"HA.; INSTANDHALT. U. REP. V. FAHRZ."
45;"Ha. m. Motorfahrz.; Insthalt. u. Rep."
451;Ha. m. Automobilien
4511;Ha. m. Automobilen m. 3,5 t oder <
451101;HV u. GH.m. Automobilen m. 3,5 t oder <
451102;DH.m. Automobilen m. 3,5 t oder <
4519;Ha. m. Automobilen m. > 3,5 t
451901;HV u. GH.m. Automobilen m. > 3,5 t
451902;DH.m. Automobilen m. > 3,5 t
452;Instandhalt. u. Rep. v. Automobilen
4520;Instandhalt. u. Rep. v. Automobilen
452001;Instandhalt. u. Rep. v. Automobilen
452002;Rep. u. Lackieren v. Carrosserien
453;Ha. m. Automobilt. u. -zub.
4531;GH.m. Automobilt. u. -zub.
453100;GH.m. Automobilt. u. -zub.
4532;DH.m. Automobilt. u. -zub.
453200;DH.m. Automobilt. u. -zub.
454;Ha. m. Motorrädern, Kraftradt. u. -zub.
4540;Ha. m. Motorrädern, Kraftradt. u. -zub.
454000;Ha. m. Motorrädern, Kraftradt. u. -zub.
46;GH.o. Ha. m. Motorfahrz.
461;HV
4611;HV v. landw. Grundst. u. lebenden Tieren
461100;HV v. landw. Grundst. u. lebenden Tieren
4612;HV v. Brennst., Erzen, Met. u. Chem.
461200;HV v. Brennst., Erzen, Met. u. Chem.
4613;HV v. Holz, Baust. u. Anstrichm.
461300;HV v. Holz, Baust. u. Anstrichm.
4614;HV v. Masch., Wasser- u. Luftfahrz.
461400;HV v. Masch., Wasser- u. Luftfahrz.
4615;HV v. Möbeln u. Einrichtungsgegenst.
461500;HV v. Möbeln u. Einrichtungsgegenst.
4616;HV. v. Text., Bekl., Schuhen u. Lederwa.
461600;HV. v. Text., Bekl., Schuhen u. Lederwa.
4617;HV v. Nahrungsm., Getränken u. Tabakwa.
461700;HV v. Nahrungsm., Getränken u. Tabakwa.
4618;HV v. sonst. Waren
461800;HV v. sonst. Waren
4619;HV v. Waren oaS
461900;HV v. Waren oaS
462;GH.m. landw. Grundst. u. lebenden Tieren
4621;GH.m. Getreide, Tabak, Saatgut, Futterm.
462100;GH.m. Getreide, Tabak, Saatgut, Futterm.
4622;GH.m. Blumen u. Pfl.
462200;GH.m. Blumen u. Pfl.
4623;GH.m. lebenden Tieren
462300;GH.m. lebenden Tieren
4624;GH.m. Häuten, Fellen u. Leder
462400;GH.m. Häuten, Fellen u. Leder
463;GH.m. Nahrungsm., Getränken u. Tabakw.
4631;GH.m. Obst, Gemüse u. Kartoffeln
463100;GH.m. Obst, Gemüse u. Kartoffeln
4632;GH.m. Fleisch.u. Fleischwaren
463200;GH.m. Fleisch.u. Fleischwaren
4633;GH.m. Milch, -erz., Eiern u. Speiseölen
463300;GH.m. Milch, -erz., Eiern u. Speiseölen
4634;GH.m. Getränken
463401;GH.m. Wein u. Spirituosen
463402;GH.m. sonst. Getränken
4635;GH.m. Tabakwaren
463500;GH.m. Tabakwaren
4636;GH.m. Zucker, Süsswa. u. Backwa.
463600;GH.m. Zucker, Süsswa. u. Backwa.
4637;GH.m. Kaffee, Tee, Kakao u. Gewürzen
463700;GH.m. Kaffee, Tee, Kakao u. Gewürzen
4638;GH.m. sonst. Nahrungs- u. Genussm.
463800;GH.m. sonst. Nahrungs- u. Genussm.
4639;GH.m. Nahrungs- u. Genussm. oaS
463900;GH.m. Nahrungs- u. Genussm. oaS
464;GH.m. Gebrauchs- u. Verbrauchsgütern
4641;GH.m. Textilien
464100;GH.m. Textilien
4642;GH.m. Bekl. u. Schuhen
464201;GH.m. Bekleidung
464202;GH.m. Schuhen
4643;GH.m. Fotoerz., el. Haushaltsge.
464301;GH.m. el. Haushaltsge.
464302;GH.m. Ge. der Unterhaltungsel.
464303;GH.m. Foto- u. Kinoge.
4644;GH.m. keram. Erz., Glaswa., Reinigungsm.
464400;GH.m. keram. Erz., Glaswa., Reinigungsm.
4645;GH.m. kosmetischen Erz., Korperpflegem.
464500;GH.m. kosmetischen Erz., Korperpflegem.
4646;GH.m. pharma., med. u. ortho. Erz.
464601;GH.m. pharma. Erzeugnissen
464602;GH.m. med., chirurgischen u. ortho. Erz.
4647;GH.m. Möbeln, Teppichen u. Lampen
464700;GH.m. Möbeln, Teppichen u. Lampen
4648;GH.m. Uhren u. Schmuck
464801;GH.m. Uhren
464802;GH.m. Schmuck
4649;GH.m. sonst. Gebrauchsgütern
464901;GH.m. Schreibwa., Büchern u. Zeitungen
464902;GH.m. Spielwaren
464903;GH.m. Sportart.
464904;GH.m. Lederwaren u. Reiseart.
464905;GH.m. Geschenkart. u. Souvenirs
464906;GH.m. sonst. Gebrauchsgütern a.n.g.
465;GH.m. Ge. der Inf.-, Kommuikationstechn.
4651;GH.m. Datenverarb.- u. peripheren Ge.
465101;GH.m. Datenverarb.- u. peripheren Ge.
465102;GH.m. Software
4652;GH.m. el. Baut. u. Telekommunikationsge.
465200;GH.m. el. Baut. u. Telekommunikationsge.
466;GH.m. sonst. Masch., Ausrüst. u. Zub.
4661;GH.m. landw. Masch. u. Ge.
466100;GH.m. landw. Masch. u. Ge.
4662;GH.m. Werkzeugmasch.
466200;GH.m. Werkzeugmasch.
4663;GH.m. Bergwerks-, Bau- u. Baustoffmasch.
466300;GH.m. Bergwerks-, Bau- u. Baustoffmasch.
4664;GH.m. Textil-, Näh- u. Strickmasch.
466400;GH.m. Textil-, Näh- u. Strickmasch.
4665;GH.m. Büromöbeln
466500;GH.m. Büromöbeln
4666;GH.m. sonst. Büromasch. u. -einrich.
466600;GH.m. sonst. Büromasch. u. -einrich.
4669;GH.m. sonst. Masch. u. Ausrüst.
466900;GH.m. sonst. Masch. u. Ausrüst.
467;Sonst. GH
4671;GH.m. festen Brennst. u. Mineralölerz.
467100;GH.m. festen Brennst. u. Mineralölerz.
4672;GH.m. Erzen, Met. u. Metallhalbzeug
467200;GH.m. Erzen, Met. u. Metallhalbzeug
4673;GH.m. Holz, Baust., Anstrichm. usw.
467301;GH.m. Holz u. Bauelem. aus Holz
467302;GH.m. Baust.
467303;GH.m. Glas, Anstrichm. u. Sanitärkeram.
4674;GH.m. Met. u. Kunststoffwa. f. Bauzwecke
467400;GH.m. Met. u. Kunststoffwa. f. Bauzwecke
4675;GH.m. chem. Erzeugnissen
467500;GH.m. chem. Erzeugnissen
4676;GH.m. sonst. Halbwaren
467600;GH.m. sonst. Halbwaren
4677;GH.m. Altmat. u. Restst.
467701;GH.m. Ersatzautot. u. Autoverwertung
467702;GH.m. Altmat. u. Restst.
469;GH.oaS
4690;GH.oaS
469000;GH.oaS
47;DH.o. Ha. m. Motorfahrz.
471;DH.m Waren verschiedener Art
4711;DH.m. Waren verschiedener Art
471101;Verbrauchermärkte (> 2500 m2)
471102;Grosse Supermärkte (1000-2499 m2)
471103;Kleine Supermärkte (400-999 m2)
471104;Grosse Geschäfte (100-399 m2)
471105;Kleine Geschäfte (< 100 m2)
4719;Sonst. DH.m. Wa. verschiedener Art
471901;Warenhäuser
471902;Sonst. DH.m. Wa. verschiedener Art
472;DH.m. Nahrungsm., Getränken u. Tabakwa.
4721;DH.m. Obst, Gemüse u. Kartoffeln
472100;DH.m. Obst, Gemüse u. Kartoffeln
4722;DH.m. Fleisch.u. Fleischwaren
472200;DH.m. Fleisch.u. Fleischwaren
4723;DH.m. Fisch, Meeresfrüchten u. Fischerz.
472300;DH.m. Fisch, Meeresfrüchten u. Fischerz.
4724;DH.m. Back- u. Süsswaren
472401;DH.m. Back- u. Süsswaren
472402;Bäckereien - Tea-Rooms
4725;DH.m. Getränken
472500;DH.m. Getränken
4726;DH.m. Tabakwaren
472600;DH.m. Tabakwaren
4729;Sonst. DH.m. Nahrungs- u. Genussm.
472901;DH.m. Milcherz. u. Eiern
472902;Sonst. Fachdh.m. Nahrungs- u. Genussm.
473;DH.m. Motorenkraftst. (Tankstellen)
4730;DH.m. Motorenkraftst. (Tankstellen)
473000;DH.m. Motorenkraftst. (Tankstellen)
474;DH.m. Ge. der Inf.-, Kommuikationstechn.
4741;DH.m. Datenverarb.-, peripheren Ge.
474100;DH.m. Datenverarb.-, peripheren Ge.
4742;DH.m. Telekommunikationsge.
474200;DH.m. Telekommunikationsge.
4743;DH.m. Ge. der Unterhaltungsel.
474300;DH.m. Ge. der Unterhaltungsel.
475;DH.m. sonst Haushaltsge., Text. usw.
4751;DH.m. Textilien
475100;DH.m. Textilien
4752;DH.m. Bau- u. Heimwerkerbedarf
475201;DH.m. Eisen- u. Metallwaren
475202;Sonst. DH.m. Bau- u. Heimwerkerbedarf
4753;DH.m. Vorhängen, Teppichen usw.
475300;DH.m. Vorhängen, Teppichen usw.
4754;DH.m. el. Haushaltsge.
475400;DH.m. el. Haushaltsge.
4759;DH.m. Möbeln, Einrichtungsgegenst.
475901;DH.m. Musikinstr.
475902;DH.m. Möbeln
475903;DH.m. Einrichtungsgegenst. a.n.g.
476;DH.m. Verlagsprod., Sportausrüst. usw.
4761;DH.m. Büchern
476100;DH.m. Büchern
4762;DH.m. Zeitschriften, Schreibwaren
476201;"DH.m. Zeitschriften, Zeitungen; Kioske"
476202;DH.m. Schreibwaren u. Bürobedarf
4763;DH.m. bespielten Ton- u. Bildträgern
476300;DH.m. bespielten Ton- u. Bildträgern
4764;DH.m. Fahrrädern, Sport- u. Campingart.
476401;DH.m. Fahrrädern
476402;DH.m. Sportart.
4765;DH.m. Spielwaren
476500;DH.m. Spielwaren
477;DH.m. sonst. Gütern in Verkaufsräumen
4771;DH.m. Bekleidung
477101;DH.m. Damenbekl.
477102;DH.m. Herrenbekl.
477103;DH.m. Säuglins- u. Kinderbekl.
477104;DH.m. Pelzwaren
477105;DH.m. Bekleidungszub. u. Bekl. oaS
4772;DH.m. Schuhen u. Lederwaren
477201;DH.m. Schuhen
477202;DH.m. Lederwaren u. Reiseart.
4773;Apotheken
477300;Apotheken
4774;DH.m. med. u. ortho. Art.
477400;DH.m. med. u. ortho. Art.
4775;DH.m. kosmetischen Erz., Körperpflegem.
477501;Drogerien
477502;Parfümerien u. sonst. DH
4776;DH. m. Blumen, Pfl. u. Sämereien usw.
477601;DH. m. Getreide, Futterm. u. Landesprod.
477602;DH. m. Blumen u. Pfl.
477603;DH. m. Haustieren u. zoologischem Bedarf
4777;DH. m. Uhren u. Schmuck
477700;DH. m. Uhren u. Schmuck
4778;Sonst. DH. in Verkaufsräumen
477801;DH. m. Brennst. u. Heizmat.
477802;DH. m. Brillen u. anderen Sehhilfen
477803;DH. m. fotografischen Art.
477804;DH. m. Geschenkart. u. Souvenirs
477805;Kunsthandel
477806;Sonst. Fachdetailha. a.n.g.
4779;DH. m. Antiquitäten u. Gebrauchtwa.
477901;DH. m. Antiquitäten
477902;DH. m. Gebrauchtwaren a.n.g.
478;DH. an Verkaufsständen u. auf Märkten
4781;DH. m. Nahrungsm. n. in Verkaufsräumen
478100;DH. m. Nahrungsm. n. in Verkaufsräumen
4782;DH. m. Text., Bekl. usw. auf Märkten
478200;DH. m. Text., Bekl. usw. auf Märkten
4789;DH.m. sonst. Gütern n. in Verkaufsräumen
478900;DH.m. sonst. Gütern n. in Verkaufsräumen
479;DH, n. in Verkaufsräumen
4791;Versand- u. Internetdetailha.
479100;Versand- u. Internetdetailha.
4799;Sonst. DH.n. in Verkaufsräumen
479900;Sonst. DH.n. in Verkaufsräumen
0;VERK. U. LAGEREI
49;Landverk., Trans. in Rohrfernleitungen
491;Personenbef. im Eisenbahnfernverk.
4910;Personenbef. im Eisenbahnfernverk.
491000;Personenbef. im Eisenbahnfernverk.
492;Güterbef. im Eisenbahnverk.
4920;Güterbef. im Eisenbahnverk.
492000;Güterbef. im Eisenbahnverk.
493;Sonst. Personenbef. im Landverk.
4931;Personenbef. im Nahverk. zu Lande
493100;Personenbef. im Nahverk. zu Lande
4932;Betrieb v. Taxis
493200;Betrieb v. Taxis
4939;Sonst. Personenbef. im Landverk. a.n.g.
493901;N.-regelmässige Personenbef.
493902;Regelmässige Personenbef.
493903;Personenbef. m. Zahnrad-, Seilbahnen
494;Güterbef. im Strassenverk., Umzugstrans.
4941;Güterbef. im Strassenverk.
494100;Güterbef. im Strassenverk.
4942;Umzugstrans.
494200;Umzugstrans.
495;Trans. in Rohrfernleitungen
4950;Trans. in Rohrfernleitungen
495000;Trans. in Rohrfernleitungen
50;Schifffahrt
501;Personenbef. m. See-, Küstenschifffahrt
5010;Personenbef. m. See-, Küstenschifffahrt
501000;Personenbef. m. See-, Küstenschifffahrt
502;Güterbef. in der See-, Küstenschifffahrt
5020;Güterbef. in der See-, Küstenschifffahrt
502000;Güterbef. in der See-, Küstenschifffahrt
503;Personenbef. in der Binnenschifffahrt
5030;Personenbef. in der Binnenschifffahrt
503000;Personenbef. in der Binnenschifffahrt
504;Güterbef. in der Binnenschifffahrt
5040;Güterbef. in der Binnenschifffahrt
504000;Güterbef. in der Binnenschifffahrt
51;Luftfahrt
511;Personenbef. in der Luftfahrt
5110;Personenbef. in der Luftfahrt
511000;Personenbef. in der Luftfahrt
512;Güterbef. in der Luftfahrt u. Raumtrans.
5121;Güterbef. in der Luftfahrt
512100;Güterbef. in der Luftfahrt
5122;Raumtrans.
512200;Raumtrans.
52;Lagerei sowie sonst. DL f. den Verk.
521;Lagerei
5210;Lagerei
521000;Lagerung
522;Sonst. DL f. den Verk.
5221;Sonst. DL f. den Landverk.
522100;Sonst. DL f. den Landverk.
5222;Sonst. DL f. die Schifffahrt
522200;Sonst. DL f. die Schifffahrt
5223;Sonst. DL f. die Luftfahrt
522300;Sonst. DL f. die Luftfahrt
5224;Frachtumschlag
522400;Frachtumschlag
5229;Sonst. DL f. den Verk. a.n.g.
522900;Sonst. DL f. den Verk. a.n.g.
53;Post-, Kurier- u. Expressdienste
531;Postdienste v. Universaldienstl.
5310;Postdienste v. Universaldienstl.
531000;Postdienste v. Universaldienstl.
532;Sonst. Post-, Kurier- u. Expressdienste
5320;Sonst. Post-, Kurier- u. Expressdienste
532000;Sonst. Post-, Kurier- u. Expressdienste
0;GASTGEWERBE/BEHERBERGUNG U. GASTRONOMIE
55;Beherbergung
551;Hotels, Gasthöfe u. Pensionen
5510;Hotels, Gasthöfe u. Pensionen
551001;Hotels, Gasthöfe u. Pensionen m. Rest.
551002;Hotels, Gasthöfe u. Pensionen o. Rest.
551003;Verw. v. Hotels, Gasthöfe u. Pensionen
552;Ferienunterkünfte u. ä. Unterkünfte
5520;Ferienunterkünfte u. ä. Unterkünfte
552001;Ferienwohnungen, Ferienhäuser
552002;Kollektivunterkünfte
552003;Verw. v. Ferien- u. Kollektivunterkünfte
553;Campingplätze
5530;Campingplätze
553001;Campingplätze
553002;Verw. v. Campingplätzen
559;Sonst. Beherbergungsstätten
5590;Sonst. Beherbergungsstätten
559000;Sonst. Beherbergungsstätten
56;Gastronomie
561;Rest., Gaststätten, Imbissstuben u.Ä.
5610;Rest., Gaststätten, Imbissstuben u.Ä.
561001;Rest., Imbissstuben, Tea-Rooms usw.
561002;Rest. m. Beherbergungsangebot
561003;Verw. v. Restaurantssbetrieben
562;Caterer u. sonst. Verpflegungsdl.
5621;Event-Caterer
562100;Event-Caterer
5629;Sonst. Verpflegungsdl.
562900;Sonst. Verpflegungsdl.
563;Ausschank v. Getränken
5630;Ausschank v. Getränken
563001;Bars
563002;Diskotheken, Dancings, Night Clubs
0;INF. U. KOM.
58;Verlagswesen
581;Verlegen v. Büchern u. Zeitschriften
5811;Verlegen v. Büchern
581100;Verlegen v. Büchern
5812;Verlegen v. Adressbüchern u.Ä.
581200;Verlegen v. Adressbüchern u.Ä.
5813;Verlegen v. Zeitungen
581300;Verlegen v. Zeitungen
5814;Verlegen v. Zeitschriften
581400;Verlegen v. Zeitschriften
5819;Sonst. Verlagswesen o. Software
581900;Sonst. Verlagswesen o. Software
582;Verlegen v. Software
5821;Verlegen v. Computerspielen
582100;Verlegen v. Computerspielen
5829;Verlegen v. sonst. Software
582900;Verlegen v. sonst. Software
59;H, Verleih u. Vertrieb v. Filmen usw.
591;H, Verleih u. Vertrieb v. Filmen usw.
5911;H.v. Video-, Filmen, Fersehprogrammen
591100;H.v. Video-, Filmen, Fersehprogrammen
5912;Nachbearb. u. sonst. Filmtechn.
591200;Nachbearb. u. sonst. Filmtechn.
5913;Filmverleih u. -vertrieb o. Videotheken
591300;Filmverleih u. -vertrieb o. Videotheken
5914;Kinos
591400;Kinos
592;"Tonstudios; H.v. Radiobeiträgen; usw."
5920;"Tonstudios; H.v. Radiobeiträgen; usw."
592000;"Tonstudios; H.v. Radiobeiträgen; usw."
60;Rundfunkveran.
601;Radioveran.
6010;Radioveran.
601000;Radioveran.
602;Fernsehveran.
6020;Fernsehveran.
602000;Fernsehveran.
61;Telekom.
611;Leitungsgebundene Telekom.
6110;Leitungsgebundene Telekom.
611000;Leitungsgebundene Telekom.
612;Drahtlose Telekom.
6120;Drahtlose Telekom.
612000;Drahtlose Telekom.
613;Satellitentelekom.
6130;Satellitentelekom.
613000;Satellitentelekom.
619;Sonst. Telekom.
6190;Sonst. Telekom.
619000;Sonstige Telekom.
62;DL f. die Informationstechn.
620;DL f. die Informationstechn.
6201;Programmierungstätigk.
620100;Programmierungstätigk.
6202;Beratungsdl. f. die Informationstechn.
620200;Beratungsdl. f. die Informationstechn.
6203;Betrieb v. Datenverarb.-anlage f. Dritte
620300;Betrieb v. Datenverarb.-anlage f. Dritte
6209;Sonst. DL der Informationstechn.
620900;Sonst. DL der Informationstechn.
63;Informationsdl.
631;"Datenverarb., Hosting; Webportale"
6311;Datenverarb., Hosting
631100;Datenverarb., Hosting
6312;Webportale
631200;Webportale
639;Sonst. Informationsdl.
6391;Korrespondenz- u. Nachrichtenbüros
639100;Korrespondenz- u. Nachrichtenbüros
6399;Sonst. Informationsdl. a.n.g.
639900;Sonst. Informationsdl. a.n.g.
0;FINANZ- U. VERSICHERUNGSDL.
64;Finanzdl.
641;Zentralbk. u. Kreditinstitute
6411;Zentralbk.
641100;Schweizerische Nationalbk.
6419;Kreditinstitute
641901;Institute m. besonderem Geschäftskreis
641902;Kantonalbk.
641903;Grossbk.
641904;Regionalbk. u. Sparkassen
641905;Raiffeisenbk.
641906;Handelsbk.
641907;Börsenbk.
641908;Ausländisch beherrschte Bk.
641909;Filialen ausländischer Bk.
641910;Privatbankiers
641911;Andere Bk.
641912;Sonst. Kreditinstitute a.n.g.
642;Beteiligungsges.
6420;Beteiligungsges.
642001;Finanzholdingges.
642002;Andere Holdingges.
643;Treuhand- u. sonst. Finanzinstitut.
6430;Treuhand- u. sonst. Finanzinstitut.
643000;Treuhand- u. sonst. Finanzinstitut.
649;Sonst. Finanzierungsinstitut.
6491;Institut. f. Finanzierungsleasing
649100;Institut. f. Finanzierungsleasing
6492;Spezialkreditinstitute
649201;Kleinkreditinstitute
649202;Sonst. Spezialkreditinstitute
6499;Sonst. Finanzdl. a.n.g.
649901;Investmentges.
649902;Tresorerie in einer Unternehmensgruppe
649903;Sonst. Finanzierungsinstitut. a.n.g.
65;Vers., Rückvers. u. Pensionskassen
651;Vers.
6511;Lebensvers.
651100;Lebensvers.
6512;Nichtlebensvers.
651201;Unfallvers. (SUVA)
651202;Unfall- u. Schadenvers.
651203;Krankenkassen
651204;Sonst. Vers. o. Sozialvers. a.n.g.
652;Rückvers.
6520;Rückvers.
652000;Rückvers.
653;Pensionskassen u. Pensionsfonds
6530;Pensionskassen u. Pensionsfonds
653000;Pensionskassen u. Pensionsfonds
66;M. Finanz- u. Vers.- dl. verb. Tätigk.
661;M. Finanzdl. verb. Tätigk.
6611;Effekten- u. Warenbörsen
661100;Effekten- u. Warenbörsen
6612;Effekten- u. Warenha.
661200;Effekten- u. Warenha.
6619;Sonst. m. Finanzdl. verb. Tätigk.
661900;Sonst. m. Finanzdl. verb. Tätigk.
662;Vers.- u. Pensionskassendl.
6621;Risiko- u. Schadensbewertung
662100;Risiko- u. Schadensbewertung
6622;Tätigk. v. Versicherungsmakler/-innen
662200;Tätigk. v. Versicherungsmakler/-innen
6629;Sonst. Vers.- u. Pensionskassendl.
662901;Ausgleichskassen
662902;Sonst. Vers.- u. Pensionskassendl. a.n.g
663;Fondsmanagement
6630;Fondsmanagement
663001;Fondsleitungen
663002;Fondsmanagement
0;GRUNDSTÜCKS- U. WOHNUNGSWESEN
68;Grundstücks- u. Wohnungswesen
681;Kauf u. Vk. v. eigenen Geb. u. Grundst.
6810;Kauf u. Vk. v. eigenen Geb. u. Grundst.
681000;Kauf u. Vk.v. eigenen Geb. u. Grundst.
682;Verm., Verpachtung v. Geb. u. Grundst.
6820;Verm., Verpachtung v. Geb. u. Grundst.
682001;Verm., Verpachtung v. Grundst.
682002;Verm., Verpachtung v. Geb.
683;Vermit., Verw. v. Geb. f. Dritte
6831;Vermit. v. Geb. u. Grundst. f. Dritte
683100;Vermit. v. Geb. u. Grundst. f. Dritte
6832;Verw. v. Geb. u. Grundst. f. Dritte
683200;Verw. v. Geb. u. Grundst. f. Dritte
0;FREIBERUFLICHE, WISS. U. TECHN.- DL
69;Rechts- u. Steuerberatung, Wirtschaftsp.
691;Rechtsberatung
6910;Rechtsberatung
691001;Advokatur-, Notariatsbüros
691002;Patentanwaltsbüros, Patentverwertung
692;Wirtschaftsp. u. Steuerberatung
6920;Wirtschaftsp. u. Steuerberatung
692000;Wirtschaftsp. u. Steuerberatung
70;Verw. u. Führung v. Untern.
701;Verw. u. Führung v. Untern.
7010;Verw. u. Führung v. Untern.
701001;Firmensitzaktivitäten v. Finanzges.
701002;Firmensitzaktivitäten v. anderen Ges.
702;Public-Relations-, Unternehmungsberatung
7021;Public-Relations-Beratung
702100;Public-Relations-Beratung
7022;Unternehmensberatung
702200;Unternehmensberatung
71;Architektur- u. Ingenieurbüros
711;Architektur- u. Ingenieurbüros
7111;Architekturbüros
711101;Architekturbüros
711102;Raumplanungsbüros
711103;Landschafts- u. Gartenarchitekturbüros
7112;Ingenieurbüros
711201;Bau-Ingenieurbüros
711202;Gebäudetechn.- Ingenieurbüros
711203;Sonst. Ingenieurbüros
711204;Geometerbüros
711205;Sonst. techn. Beratung u. Planung
712;Techn., physikalische u. chem. Unters.
7120;Techn., physikalische u. chem. Unters.
712000;Techn., physikalische u. chem. Unters.
72;F&E
721;F&E Natur-, Ingenieur-, Agrarwiss., Med.
7211;F&E im Bereich Biotechn.
721100;F&E im Bereich Biotechn.
7219;F&E Natur-, Ingenieur-, Agrarwiss., Med.
721900;F&E Natur-, Ingenieur-, Agrarwiss., Med.
722;F&E Rechts-, Wirtschafts- u. Sozialwiss.
7220;F&E Rechts-, Wirtschafts- u. Sozialwiss.
722000;F&E Rechts-, Wirtschafts- u. Sozialwiss.
73;Werbung u. Marktf.
731;Werbung
7311;Werbeagenturen
731100;Werbeagenturen
7312;Vermarktung, Vermittlung v. Werbeflächen
731200;Vermarktung, Vermittlung v. Werbeflächen
732;Markt- u. Meinungsf.
7320;Markt- u. Meinungsf.
732000;Markt- u. Meinungsf.
74;Sonst. wiss. u. techn. Tätigk.
741;Ateliers f. Text.-, Schmuck- u.ä. Design
7410;Ateliers f. Text.-, Schmuck- u.ä. Design
741001;Industrie- u. Produktdesign
741002;Grafikdesign u. Visuelle Kom.
741003;Innenarchitektur u. Raumgestaltung
742;Fotografie u. Fotolabors
7420;Fotografie u. Fotolabors
742001;Fotografie
742002;Fotolabors
743;Übersetzen u. Dolmetschen
7430;Übersetzen u. Dolmetschen
743000;Übersetzen u. Dolmetschen
749;Sonst. wiss. u. techn. Tätigk. a.n.g.
7490;Sonst. wiss. u. techn. Tätigk. a.n.g.
749000;Sonst. wiss. u. techn. Tätigk. a.n.g.
75;Veterinärwesen
750;Veterinärwesen
7500;Veterinärwesen
750000;Veterinärwesen
0;SONST. WISS. DL
77;Verm. v. beweglichen Sachen
771;Verm. v. Automobilen
7711;Verm. v. Automobilen < 3,5 t
771100;Verm. v. Automobilen< 3,5 t
7712;Verm. v. Automobilen > 3,5 t
771200;Verm. v. Automobilen > 3,5 t
772;Verm. v. Gebrauchsgütern
7721;Verm. v. Sport- u. Freizeitge.
772100;Verm. v. Sport- u. Freizeitge.
7722;Videotheken
772200;Videotheken
7729;Verm. v. sonst Gebrauchsgütern
772900;Verm. v. sonst Gebrauchsgütern
773;Verm. v. Masch., Ge. u. sonst. Sachen
7731;Verm. v. landw. Masch. u. Ge.
773100;Verm. v. landw. Masch. u. Ge.
7732;Verm. v. Baumasch. u. -ge.
773200;Verm. v. Baumasch. u. -ge.
7733;Verm. v. Büromasch. u. Datenverarb.-ge.
773300;Verm. v. Büromasch. u. Datenverarb.-ge.
7734;Verm. v. Wasserfahrz.
773400;Verm. v. Wasserfahrz.
7735;Verm. v. Luftfahrz.
773500;Verm. v. Luftfahrz.
7739;Verm. v. sonst. Masch. u. Ge. a.n.g.
773900;Verm. v. sonst. Masch. u. Ge. a.n.g.
774;Leasing immateriellen Vermögensgegenst.
7740;Leasing immateriellen Vermögensgegenst.
774000;Leasing v.geistigem Eigentum
78;Vermittlung u. Überlassung v. Pers.
781;Vermittlung v. Pers.
7810;Vermittlung v. Pers.
781000;Vermittlung v. Pers.
782;Befristete Überlassung v. Pers.
7820;Befristete Überlassung v. Pers.
782000;Befristete Überlassung v. Pers.
783;Sonst. Überlassung v. Pers.
7830;Sonst. Überlassung v. Pers.
783000;Sonst. Überlassung v. Pers.
79;Reisebüros u. sonst. Reservierungsdl.
791;Reisebüros u. Reiseveran.
7911;Reisebüros
791100;Reisebüros
7912;Reiseveran.
791200;Reiseveran.
799;Sonst. Reservierungsdl.
7990;Sonst. Reservierungsdl.
799001;Reservationsdienst zur Beherbergung
799002;Sonst. Reservierungsdl.
80;Wach- u. Sicherheitsdienste, Detekteien
801;Private Wach- u. Sicherheitsdienste
8010;Private Wach- u. Sicherheitsdienste
801000;Private Wach- u. Sicherheitsdienste
802;Mithilfe v. Überwachungs- u. Alarmsyst.
8020;Mithilfe v. Überwachungs- u. Alarmsyst.
802000;Mithilfe v. Überwachungs- u. Alarmsyst.
803;Detekteien
8030;Detekteien
803000;Detekteien
81;"Gebäudebetreu.; Garten-, Landschaftsbau"
811;Hausmeisterdienste
8110;Hausmeisterdienste
811000;"Hausmeisterdienste; Facility Management"
812;Rein. v. Gebäuden, Strassen, Verkehrsm.
8121;Allg. Gebäuderein.
812100;Allg. Gebäuderein.
8122;Spez. Rein. v. Gebäuden u. Masch.
812201;Kaminfeger
812202;Spez. Rein. v. Gebäuden u. Masch.
8129;Reinigung a.n.g.
812900;Reinigung a.n.g.
813;Garten- u. Landschaftsbau
8130;Garten- u. Landschaftsbau
813000;Garten- u. Landschaftsbau
82;Wirt. DL f. Untern. u. Privatpers. a.n.g
821;Sekretariats- u. Schreibdienste
8211;Allg. Sekretariats- u. Schreibdienste
821100;Allg. Sekretariats- u. Schreibdienste
8219;Copy-Shops
821901;Sekretariats- u. Schreibdienste
821902;Copy Shops
822;Call Centers
8220;Call Centers
822000;Call Centers
823;Messe-, Ausstellungs-, Kongressveran.
8230;Messe-, Ausstellungs-, Kongressveran.
823000;Messe-, Ausstellungs-, Kongressveran.
829;Wirt. DL f. Untern. u. Privatpers.
8291;Inkassobüros u. Auskunfteien
829100;Inkassobüros u. Auskunfteien
8292;Abfüllen u. Verpacken
829200;Abfüllen u. Verpacken
8299;Wirt. DL f. Untern. u. Privatpers.
829900;Wirt. DL f. Untern. u. Privatpers.
0;"ÖFF. VERW.,VERTEIDIGUNG; SOZIALVERS."
84;"Öff. Verw., Verteidigung; Sozialvers."
841;Öff. Verw.
8411;Allg. öff. Verw.
841100;Allg. öff. Verw.
8412;Öff. Verw. im Gesundheitswesen usw.
841200;Öff. Verw. im Gesundheitswesen usw.
8413;Wirt. -förderung, -ordnung u. -aufsicht
841300;Wirt. -förderung, -ordnung u. -aufsicht
842;Auswärtige Angelegenheiten usw.
8421;Auswärtige Angelegenheiten
842100;Auswärtige Angelegenheiten
8422;Verteidigung
842201;Verteidigung
842202;Zivilschutz
8423;Rechtspflege/Justiz
842301;Verw. der Rechtspflege, Gerichte
842302;Verw. v. Strafvollzugsanstalten
8424;Öff. Sicherheit u. Ordnung
842400;Öff. Sicherheit u. Ordnung
8425;Feuerwehren
842500;Feuerwehren
843;Sozialvers.
8430;Sozialvers.
843000;Alters-, Hinterlassenenvers. AHV/IV/ALV
0;ERZIEHUNG U. UNTERRICHT
85;Erziehung u. Unterricht
851;Kindergärten u. Vorschulen
8510;Kindergärten u. Vorschulen
851000;Kindergärten u. Vorschulen
852;Schulen auf Primarstufe
8520;Schulen auf Primarstufe
852001;Primarschulen
852002;Sonderschulen
852003;Obligatorische Schulen a.n.g.
853;Schulen auf Sekundarstufe
8531;Allg. bildende Schulen auf Sekundarstufe
853101;Bezirks-, Sekundar-, Realschulen
853102;Maturitätsschulen
853103;Fachmittelschulen FMS
8532;Berufsbildende Schulen auf Sekundarstufe
853200;Berufsbildende weiterführende Schulen
854;Tertiärer Unterricht
8541;Post-sekundärer, n. tertiärer Unterricht
854100;Post-sekundärer, n. tertiärer Unterricht
8542;Tertiärer Unterricht
854201;Universitäre Hochschulen
854202;Fachhochschulen
854203;Andere Ausbildungsstätten
855;Sonst. Unterricht
8551;Sport- u. Freizeitunterricht
855100;Sport- u. Freizeitunterricht
8552;Kulturunterricht
855200;Kulturunterricht
8553;Fahr- u. Flugschulen
855300;Fahr- u. Flugschulen
8559;Sonst. Unterricht a.n.g.
855901;Sprachunterricht
855902;Informatikunterricht
855903;Berufliche Erwachsenenbildung
855904;Sonst. Unterricht a.n.g.
856;DL f. den Unterricht
8560;DL f. den Unterricht
856000;DL f. den Unterricht
0;GESUNDHEITS- U. SOZIALWESEN
86;Gesundheitswesen
861;Krankenhäuser
8610;Krankenhäuser
861001;Allg. Krankenhäuser
861002;Spezialkliniken
862;Arzt- u. Zahnarztpraxen
8621;Arztpraxen f. Allgemeinmed.
862100;Arztpraxen f. Allgemeinmed.
8622;Facharztpraxen
862200;Facharztpraxen
8623;Zahnarztpraxen
862300;Zahnarztpraxen
869;Gesundheitswesen a.n.g.
8690;Gesundheitswesen a.n.g.
869001;Psychotherapie u. Psychologie
869002;Physiotherapie
869003;Krankenschwestern u. Hauspflege
869004;Hebammen
869005;Sonst. n. ärztliche Medizinalberufe
869006;Med. Labors
869007;Sonst. Gesundheitswesen a.n.g.
87;Heime o. Erholungs- u. Ferienheime
871;Pflegeheime
8710;Pflegeheime
871000;Pflegeheime
872;Einricht. f. psychosoz. Betreuung u. Ä.
8720;Einricht. f. psychosoz. Betreuung u. Ä.
872001;Institut. f. Suchtkranke
872002;Institut. f. psychosoz. Fälle
873;Alten- u. Behindertenwohnheime
8730;Alten- u. Behindertenwohnheime
873001;Altersheime
873002;Institut. f. Behinderte
879;Sonst. Heime o. Erholungs-, Ferienheime
8790;Sonst. Heime o. Erholungs-, Ferienheime
879001;Wohnheime f. Kinder u. Jugendliche
879002;Erziehungsheime
879003;Sonst. Wohnheime
88;Sozialwesen o. Heime
881;Soz. Betreu. älterer, behinderten Pers.
8810;Soz. Betreu. älterer, behinderten Pers.
881000;Soz. Betreu. älterer, behinderten Pers.
889;Sonst. Sozialwesen o. Heime
8891;Tagesbetreu. v. Kindern
889100;Tagesbetreu. v. Kindern
8899;Sonst. Sozialwesen a.n.g.
889901;Org. der Wohlfahrtspflege
889902;Sonst. Sozialwesen a.n.g.
0;KUNST, UNTERHALT. U. ERHOLUNG
90;Kreative, künstl. Tätigk.
900;Kreative, künstl. Tätigk.
9001;Darstellende Kunst
900101;Theater- u. Ballettgruppen
900102;Orchester, Chöre, Musiker
9002;DL f. die darstellende Kunst
900200;DL f. die darstellende Kunst
9003;Künstl. u. schriftst. Schaffen
900301;Selbst. bildende Künstler
900302;Sonst. künstl. u. schriftst. Tätigk.
900303;Selbst. Journalisten
9004;Kultur- u. Unterhaltungseinrich.
900400;Kultur- u. Unterhaltungseinrich.
91;Bibliotheken, Archive, Museen, Gärten
910;Bibliotheken, Archive, Museen, Gärten
9101;Bibliotheken u. Archive
910100;Bibliotheken u. Archive
9102;Museen
910200;Museen
9103;Historische Stätte u. Gebäude
910300;Historische Stätte u. Gebäude
9104;Botanische u. zoologische Gärten, Parks
910400;Botanische u. zoologische Gärten, Parks
92;Spiel-, Wett- u. Lotteriewesen
920;Spiel-, Wett- u. Lotteriewesen
9200;Spiel-, Wett- u. Lotteriewesen
920000;Spiel-, Wett- u. Lotteriewesen
93;DL des Sports, Unterhalt. u. Erholung
931;DL des Sports
9311;Betrieb v. Sportanl.
931100;Betrieb v. Sportanl.
9312;Sportvereine
931200;Sportvereine
9313;Fitnesszentren
931300;Gymnastik- u. Fitnesszentren
9319;Sonst. DL des Sports
931900;Sonst. DL des Sports
932;Sonst. DL der Unterhalt. u. Erholung
9321;Vergnügungs- u. Themenparks
932100;Vergnügungs- u. Themenparks
9329;DL der Unterhalt. u. Erholung a.n.g.
932900;DL der Unterhalt. u. Erholung a.n.g.
0;SONST. DL
94;Interessenvertr. sowie relig. Verein.
941;Wirt.- u. Arbeitgeberverbä., Berufsorg.
9411;Wirt.- u. Arbeitgeberverbä.
941100;Wirt.- u. Arbeitgeberverbä.
9412;Berufsorg.
941200;Berufsorg.
942;Arbeitnehmehrverein.
9420;Arbeitnehmehrverein.
942000;Arbeitnehmehrverein.
949;Kirchliche Verein. a.n.g.
9491;Kirchliche u. sonst. relig. Verein.
949101;Kirchgemeinden u. relig. Verein.
949102;Klöster u. Ordensgemeinschaften
9492;Politische Parteien u. Verein.
949200;Politische Parteien u. Verein.
9499;Sonst. Interessenvertr., Verein. a.n.g.
949901;Org. der Kultur, Bildung, Wiss. u. F.
949902;Org. des Gesundheitswesens
949903;Jugendorg.
949904;Sonst. Interessenvertr. u. Verein. a.n.g
95;Rep. v. Datenverarb.-ge., Gebrauchsgüter
951;Rep. v. Datenverarb.- u. Telekom. -ge.
9511;Rep. Datenverarb.- u. peripheren Ge.
951100;Rep. Datenverarb.- u. peripheren Ge.
9512;Rep. v. Telekommunikationsge.
951200;Rep. v. Telekommunikationsge.
952;Rep. v. Gebrauchsgütern
9521;Rep. v. Ge. der Unterhaltungsel.
952100;Rep. v. Ge. der Unterhaltungsel.
9522;Rep. v. el. Haushalts- u. Gartenge.
952200;Rep. v. el. Haushalts- u. Gartenge.
9523;Rep. v. Schuhen u. Lederwaren
952300;Rep. v. Schuhen u. Lederwaren
9524;Rep. v. Möbeln u. Einrichtungsgegenst.
952400;Rep. v. Möbeln u. Einrichtungsgegenst.
9525;Rep. v. Uhren u. Schmuck
952500;Rep. v. Uhren u. Schmuck
9529;Rep. v. sonst. Gebrauchsgütern
952900;Rep. v. sonst. Gebrauchsgütern
96;Sonst. überwiegend persönliche DL
960;Sonst. überwiegend persönliche DL
9601;Wäscherei u. chem. Rein.
960101;Wäscherei
960102;Textilrein.
9602;Frisör- u. Kosmetiksalons
960201;Coiffeursalons
960202;Kosmetiksalons
9603;Bestattungswesen
960300;Bestattungswesen
9604;Saunas, Solarien, Bäder u. Ä.
960401;Saunas, Solarien
960402;Sonst. Körperpflegegewerbe
9609;Sonst. DL a. n. g.
960900;Sonst. DL a. n. g.
0;PRIVATE HAUSHALTE M. HAUSPERS. OAS
97;Private Haushalte m. Hauspers.
970;Private Haushalte m. Hauspers.
9700;Private Haushalte m. Hauspers.
970000;Private Haushalte m. Hauspers.
98;H.v. Wa. u. DL durch private Haushalte
981;H.v. Wa. durch private Haushalte oaS
9810;H.v. Wa. durch private Haushalte oaS
981000;H.v. Wa. durch private Haushalte oaS
982;DL durch private Haushalte oaS
9820;DL durch private Haushalte oaS
982000;DL durch private Haushalte oaS
0;EXTERRITORIALE ORG. U. KÖRPERSCHAFTEN
99;Exterritoriale Org. u. Körperschaften
990;Exterritoriale Org. u. Körperschaften
9900;Exterritoriale Org. u. Körperschaften
990001;Konsulate
990002;Botschaften
990003;lnternationale Org. m. Behördecharakter
